Year,Social cost of carbon
2020,100
2021,102.020134
2022,104.0810774
2023,106.1836547
2024,108.3287068
2025,110.5170918
2026,112.7496852
2027,115.0273799
2028,117.3510871
2029,119.7217363
2030,122.1402758
